<?xml version="1.0" encoding="UTF-8"?>
<project-private xmlns="http://www.netbeans.org/ns/project-private/1">
    <editor-bookmarks xmlns="http://www.netbeans.org/ns/editor-bookmarks/2" lastBookmarkId="1">
        <file>
            <url>routes/index.js</url>
            <bookmark id="1">
                <name/>
                <line>5</line>
                <key/>
            </bookmark>
        </file>
    </editor-bookmarks>
    <open-files xmlns="http://www.netbeans.org/ns/projectui-open-files/2">
        <group>
            <file>file:/home/jacc/proyectosNode/noticias/views/templates/app.ejs</file>
            <file>file:/home/jacc/proyectosNode/noticias/views/fragmentos/botonModal.ejs</file>
            <file>file:/home/jacc/proyectosNode/noticias/routes/index.js</file>
            <file>file:/home/jacc/proyectosNode/noticias/views/fragmentos/modalDatos.ejs</file>
            <file>file:/home/jacc/proyectosNode/noticias/app.js</file>
            <file>file:/home/jacc/proyectosNode/noticias/views/fragmentos/listita.ejs</file>
            <file>file:/home/jacc/proyectosNode/noticias/views/templates/login.ejs</file>
            <file>file:/home/jacc/proyectosNode/noticias/views/fragmentos/frmprincipal.ejs</file>
        </group>
    </open-files>
</project-private>
